Janela;N;VitX%;VitO%;Emp%;NaoDerrotaX%;NaoDerrotaO%;VitX;VitO;Empates
0-100;100;94.00;0.00;6.00;100.00;6.00;94;0;6
100-500;400;97.50;0.00;2.50;100.00;2.50;390;0;10
500-1000;500;94.40;0.00;5.60;100.00;5.60;472;0;28
1000-5000;4000;96.05;0.00;3.95;100.00;3.95;3842;0;158
5000-10000;5000;96.36;0.00;3.64;100.00;3.64;4818;0;182
10000-25000;15000;96.14;0.00;3.86;100.00;3.86;14421;0;579
25000-50000;25000;96.21;0.00;3.79;100.00;3.79;24053;0;947
50000-100000;50000;96.22;0.00;3.78;100.00;3.78;48112;0;1888
100000-250000;150000;96.40;0.00;3.60;100.00;3.60;144595;0;5405
250000-500000;250000;96.36;0.00;3.64;100.00;3.64;240909;0;9091
