Corte;N;VitX%;VitO%;Emp%;NaoDerrotaX%;NaoDerrotaO%;VitX;VitO;Empates
100;100;6.00;3.00;91.00;97.00;94.00;6;3;91
500;500;1.20;0.60;98.20;99.40;98.80;6;3;491
1000;1000;0.60;0.30;99.10;99.70;99.40;6;3;991
5000;5000;0.12;0.06;99.82;99.94;99.88;6;3;4991
10000;10000;0.06;0.03;99.91;99.97;99.94;6;3;9991
25000;25000;0.02;0.01;99.96;99.99;99.98;6;3;24991
50000;50000;0.01;0.01;99.98;99.99;99.99;6;3;49991
100000;100000;0.01;0.00;99.99;100.00;99.99;6;3;99991
250000;250000;0.00;0.00;100.00;100.00;100.00;6;3;249991
500000;500000;0.00;0.00;100.00;100.00;100.00;6;3;499991
